epoch,steps,cosine_pearson,cosine_spearman
1.0,118,0.614948603399875,0.6284269847924226
2.0,236,0.6182375252990531,0.6329284659592375
3.0,354,0.6229828762245351,0.638930440848324
1.0,446,0.668709849568988,0.6886512859533496
2.0,892,0.6777412382652384,0.6998553637190094
3.0,1338,0.6833539832189806,0.7053349528512668
